review,label
Satisfactory #3425,average
Didn’t work well #3980,bad
Disappointed #8294,bad
Extremely poor #578,terrible
Excellent product #9470,excellent
Big mistake #4282,terrible
Wasted my money #400,worst
Comfortable and nice #5965,nice
Nothing special #3842,average
Outstanding performance #9696,excellent
Outstanding performance #492,excellent
Excellent product #3729,excellent
Poor build #6348,poor
Could be better #4949,bad
Top-notch item #4758,excellent
Highly recommend #1801,excellent
Nice look #619,nice
Good quality #7107,good
Nothing special #196,average
Good quality #6713,good
Poor quality #6458,bad
Horrible experience #5631,worst
Terrible product #5445,terrible
Stopped working #6725,bad
Nice performance #9902,good
Needs improvement #2123,poor
Broke quickly #4136,poor
Feels premium #1403,nice
Very disappointed #2458,terrible
Highly recommend #9418,excellent
Mediocre performance #2458,average
Defective item #4845,worst
Disappointed #7291,bad
Stopped working #8382,bad
Overpriced for quality #2800,bad
Value for money #5971,good
Nice look #3462,nice
Nice packaging #9934,nice
Didn’t work well #6375,bad
Very bad quality #4828,worst
Outstanding performance #2707,excellent
Worst ever #3940,worst
Nothing special #7144,average
Defective item #447,worst
Defective item #9166,worst
Completely useless #999,worst
Exceeds expectations #9486,excellent
Worst ever #8836,worst
Feels premium #4978,nice
Never buying again #4519,worst
Moderate quality #9916,average
Big mistake #3624,terrible
Perfect purchase #9858,excellent
Needs improvement #9989,poor
Exceeds expectations #5888,excellent
Mediocre performance #2091,average
Poor build #4235,poor
Happy with it #2085,good
Product is decent #9575,good
Product broke immediately #7426,terrible
Below average #3217,poor
Looks good #2845,nice
Not as expected #7346,bad
Top-notch item #7167,excellent
Nice performance #560,good
Overpriced for quality #2664,bad
Terrible service #4408,worst
Satisfactory #6546,average
Just fine #9229,average
Meets expectations #575,good
Satisfactory #3643,average
Not worth it #2575,poor
Very disappointed #820,terrible
Satisfactory #4404,average
Disappointed #721,bad
Very disappointed #6721,terrible
Awful quality #4720,terrible
Design is good #6893,nice
Completely useless #5802,worst
Never buying again #8546,worst
Big mistake #2288,terrible
Terrible service #6195,worst
Product broke immediately #8540,terrible
Nice performance #6444,good
Flimsy material #2000,bad
Below average #9915,poor
Highly recommend #1074,excellent
Design is good #5706,nice
Defective item #9210,worst
Completely useless #118,worst
Nice look #6494,nice
Value for money #2754,good
"Not bad, not great #1389",average
Stopped working #2407,bad
"Not bad, not great #4781",average
Not as expected #794,bad
Low durability #308,poor
It’s okay #4235,average
Good aesthetics #9673,nice
Nice performance #2991,good
Product is decent #7849,good
Worst ever #3072,worst
Not as expected #2493,bad
Product broke immediately #9196,terrible
It’s okay #3979,average
Stopped working #3861,bad
Not worth it #4450,poor
Cheap materials #2437,poor
Outstanding performance #958,excellent
Flimsy material #9078,bad
Mediocre performance #4843,average
Low durability #1823,poor
Could be better #3468,bad
Completely useless #4045,worst
Moderate quality #6373,average
Horrible experience #4527,worst
Works well #3050,good
It’s okay #250,average
Feels premium #7610,nice
Low durability #2149,poor
Excellent product #899,excellent
Perfect purchase #4920,excellent
Nice performance #1071,good
Top-notch item #2538,excellent
Awful quality #2317,terrible
Nice packaging #1078,nice
Superb quality #2818,excellent
Design is good #5113,nice
Worst ever #1644,worst
Broke quickly #2494,poor
Low durability #6501,poor
Value for money #3900,good
Not as expected #419,bad
Excellent product #1927,excellent
Poor build #4178,poor
Very bad quality #9576,worst
Poor quality #2130,bad
Average experience #5157,average
Needs improvement #6396,poor
Average experience #1450,average
Good quality #9299,good
Comfortable and nice #1683,nice
Mediocre performance #2411,average
Moderate quality #5475,average
Happy with it #3199,good
Just fine #3859,average
Below average #3693,poor
Nothing special #9049,average
Comfortable and nice #5907,nice
Completely useless #6897,worst
Poor build #8715,poor
Horrible experience #4646,worst
Very disappointed #8934,terrible
Could be better #715,bad
Mediocre performance #1462,average
Product broke immediately #4427,terrible
Really good product #2404,good
Satisfactory #6742,average
Overpriced for quality #8144,bad
Feels premium #3752,nice
Broke quickly #5439,poor
Completely useless #9492,worst
Pleased with the appearance #3468,nice
Never buying again #3304,worst
Awful quality #9448,terrible
Disheartening purchase #7750,poor
Nice look #2057,nice
Flimsy material #8750,bad
Works well #2210,good
Satisfactory #440,average
Meets expectations #2631,good
Meets expectations #9425,good
Didn’t work well #2078,bad
Not worth it #7920,poor
"Not bad, not great #727",average
Worst value #6481,terrible
Very disappointed #3168,terrible
Overpriced for quality #596,bad
Fantastic choice #2185,excellent
Never buying again #8399,worst
Overpriced for quality #6470,bad
Very bad quality #3481,worst
Looks good #8143,nice
Pleased with the appearance #6941,nice
Terrible service #8801,worst
Happy with it #1404,good
Looks good #619,nice
Exceeds expectations #1804,excellent
Terrible service #3414,worst
Product broke immediately #9250,terrible
Value for money #6258,good
Nice look #3918,nice
Awful quality #9004,terrible
Comfortable and nice #3384,nice
Completely useless #4120,worst
Terrible product #7472,terrible
Completely useless #4641,worst
Overpriced for quality #7904,bad
Satisfactory #4407,average
Pleased with the appearance #6288,nice
Defective item #8509,worst
Not worth it #4142,poor
Extremely poor #2586,terrible
Defective item #4585,worst
Below average #9111,poor
Exceeds expectations #1252,excellent
Nothing special #2333,average
Disheartening purchase #7008,poor
Product broke immediately #5313,terrible
Outstanding performance #6584,excellent
Poor build #8422,poor
Worst value #1531,terrible
Perfect purchase #482,excellent
Defective item #2390,worst
Didn’t work well #5379,bad
Cheap materials #3093,poor
Top-notch item #2302,excellent
Good aesthetics #7108,nice
Cheap materials #8554,poor
Good aesthetics #2123,nice
Meets expectations #9424,good
Feels premium #5811,nice
Could be better #4718,bad
Awful quality #7727,terrible
Perfect purchase #6876,excellent
Stopped working #260,bad
"Not bad, not great #8480",average
Wasted my money #2536,worst
Design is good #6930,nice
Below average #2420,poor
Terrible product #2767,terrible
Awful quality #6761,terrible
Completely useless #6523,worst
Needs improvement #2413,poor
Happy with it #3027,good
Disappointed #9292,bad
Completely useless #1684,worst
Nice performance #2989,good
Top-notch item #4569,excellent
Don’t buy this #5312,terrible
Wasted my money #9222,worst
Didn’t work well #9857,bad
Don’t buy this #334,terrible
Perfect purchase #4613,excellent
Could be better #2435,bad
Product broke immediately #7977,terrible
Could be better #8866,bad
Horrible experience #7175,worst
Disappointed #37,bad
Completely useless #1306,worst
Fantastic choice #7564,excellent
Worst ever #1079,worst
Satisfactory #1235,average
Defective item #1049,worst
Stopped working #4826,bad
Wasted my money #5638,worst
Superb quality #4803,excellent
Could be better #2473,bad
It’s okay #7026,average
Excellent product #4020,excellent
Happy with it #1628,good
Broke quickly #9589,poor
Worst ever #2373,worst
Value for money #976,good
Product is decent #6626,good
Overpriced for quality #524,bad
Disappointed #8994,bad
Moderate quality #7812,average
Don’t buy this #3643,terrible
Below average #9655,poor
Flimsy material #4873,bad
It’s okay #1842,average
Feels premium #289,nice
Just fine #1848,average
Good quality #2054,good
Disheartening purchase #5723,poor
Disappointed #4534,bad
Big mistake #6996,terrible
Overpriced for quality #4544,bad
Don’t buy this #1636,terrible
It’s okay #3499,average
Very bad quality #3642,worst
Looks good #6644,nice
Average experience #9876,average
Meets expectations #6496,good
Didn’t work well #157,bad
Could be better #434,bad
Flimsy material #6544,bad
Stopped working #6594,bad
Average experience #3405,average
Wasted my money #7015,worst
Average experience #3765,average
Not worth it #5854,poor
Flimsy material #108,bad
Big mistake #4808,terrible
Happy with it #5321,good
Very disappointed #3665,terrible
Below average #2946,poor
Perfect purchase #4642,excellent
Happy with it #5333,good
Very bad quality #3714,worst
Really good product #5504,good
"Not bad, not great #1194",average
Comfortable and nice #9876,nice
Overpriced for quality #3588,bad
Just fine #2978,average
Nice packaging #5900,nice
Nice look #2079,nice
Cheap materials #6868,poor
Broke quickly #1159,poor
Happy with it #7202,good
Needs improvement #7491,poor
Just fine #6770,average
Outstanding performance #5977,excellent
Comfortable and nice #2826,nice
Exceeds expectations #2113,excellent
Design is good #9266,nice
Nice packaging #4033,nice
Good quality #6322,good
Broke quickly #2665,poor
Not as expected #2714,bad
Highly recommend #7374,excellent
Outstanding performance #6606,excellent
Value for money #7008,good
Poor build #6085,poor
Really good product #2100,good
Disheartening purchase #7171,poor
Comfortable and nice #3875,nice
Big mistake #5574,terrible
Worst ever #6879,worst
Highly recommend #2856,excellent
It’s okay #2378,average
Big mistake #2994,terrible
Really good product #1755,good
Stopped working #2532,bad
Satisfactory #8669,average
Looks good #3808,nice
Just fine #8218,average
Not worth it #7547,poor
Fantastic choice #6824,excellent
Awful quality #7591,terrible
Outstanding performance #9235,excellent
Never buying again #102,worst
Never buying again #9498,worst
Could be better #1475,bad
Comfortable and nice #6858,nice
Very bad quality #9000,worst
Don’t buy this #5875,terrible
Low durability #1804,poor
Perfect purchase #9240,excellent
Works well #3337,good
Superb quality #7726,excellent
Could be better #9846,bad
Really good product #4968,good
Happy with it #3347,good
Stopped working #6012,bad
Moderate quality #7061,average
Works well #1311,good
Defective item #1100,worst
Nice performance #9875,good
Worst value #8207,terrible
Top-notch item #7475,excellent
Design is good #9240,nice
Completely useless #3396,worst
Highly recommend #8074,excellent
Very disappointed #8393,terrible
Mediocre performance #6961,average
Outstanding performance #3057,excellent
Disheartening purchase #3645,poor
Completely useless #8082,worst
Poor quality #2126,bad
Feels premium #1407,nice
Works well #7711,good
Horrible experience #2776,worst
Extremely poor #2427,terrible
Nice packaging #2677,nice
Overpriced for quality #4386,bad
Top-notch item #4197,excellent
Product broke immediately #2556,terrible
Top-notch item #3244,excellent
Low durability #8950,poor
Not worth it #8736,poor
Disheartening purchase #7540,poor
Really good product #3982,good
Disappointed #5076,bad
Superb quality #2458,excellent
Comfortable and nice #6591,nice
Never buying again #3825,worst
Poor build #6695,poor
Design is good #2889,nice
Works well #8526,good
Nothing special #5170,average
Below average #2084,poor
Disheartening purchase #1996,poor
Top-notch item #1226,excellent
It’s okay #7965,average
Nothing special #1458,average
It’s okay #4213,average
Top-notch item #3776,excellent
Cheap materials #6051,poor
Pleased with the appearance #8223,nice
Stopped working #5243,bad
Works well #4491,good
Wasted my money #3470,worst
Perfect purchase #5241,excellent
Poor quality #672,bad
Low durability #3586,poor
Superb quality #8043,excellent
Nice look #6366,nice
Flimsy material #2833,bad
Below average #909,poor
Mediocre performance #6285,average
Terrible service #1665,worst
Happy with it #9826,good
Worst ever #7710,worst
Poor build #2547,poor
Not as expected #9000,bad
Value for money #8936,good
Terrible service #8589,worst
Product is decent #6415,good
Not as expected #5935,bad
It’s okay #9825,average
Design is good #5239,nice
Poor build #7745,poor
Poor build #9785,poor
Comfortable and nice #2659,nice
Could be better #5329,bad
Poor build #9485,poor
Didn’t work well #4975,bad
Outstanding performance #680,excellent
Worst value #7055,terrible
Value for money #8642,good
Disappointed #2500,bad
Needs improvement #2283,poor
Nice packaging #5563,nice
Not worth it #4763,poor
It’s okay #2308,average
Nothing special #6446,average
Big mistake #3139,terrible
Feels premium #5302,nice
Don’t buy this #4128,terrible
Terrible product #9712,terrible
Poor build #1451,poor
Not worth it #880,poor
Outstanding performance #7965,excellent
Works well #4623,good
Needs improvement #2509,poor
Good quality #7519,good
Flimsy material #3546,bad
Not worth it #9031,poor
Not as expected #9453,bad
Worst value #670,terrible
Nice performance #3588,good
Product broke immediately #1915,terrible
Below average #3430,poor
Exceeds expectations #9922,excellent
Could be better #4803,bad
Stopped working #7938,bad
Nice look #62,nice
Very bad quality #3739,worst
Perfect purchase #6025,excellent
Very bad quality #1255,worst
Overpriced for quality #4097,bad
Superb quality #3509,excellent
Product is decent #2205,good
Really good product #8404,good
Overpriced for quality #7225,bad
Worst value #6955,terrible
Average experience #7066,average
Terrible service #1736,worst
Pleased with the appearance #7419,nice
Poor quality #1462,bad
Disappointed #5749,bad
Completely useless #2192,worst
Nothing special #5167,average
Nice performance #6459,good
Didn’t work well #2826,bad
Didn’t work well #2722,bad
Pleased with the appearance #3785,nice
Terrible product #3626,terrible
Outstanding performance #668,excellent
Big mistake #4364,terrible
Stopped working #9110,bad
Nice look #7831,nice
Poor build #6918,poor
Product is decent #7810,good
Defective item #8590,worst
Nothing special #6264,average
Just fine #3811,average
Very bad quality #4329,worst
Defective item #5127,worst
Extremely poor #3101,terrible
Highly recommend #5052,excellent
Pleased with the appearance #1676,nice
Didn’t work well #558,bad
Didn’t work well #9002,bad
Wasted my money #523,worst
Good aesthetics #993,nice
Nice packaging #6600,nice
Product is decent #3014,good
Really good product #4991,good
Disheartening purchase #4970,poor
It’s okay #4971,average
Value for money #8499,good
Not as expected #4093,bad
Product broke immediately #5031,terrible
Very bad quality #1755,worst
Pleased with the appearance #8834,nice
Meets expectations #7722,good
Just fine #4178,average
Poor build #7983,poor
Comfortable and nice #9671,nice
Exceeds expectations #1539,excellent
Nice performance #8874,good
Design is good #461,nice
Below average #2619,poor
Low durability #1131,poor
Cheap materials #5251,poor
Good quality #3035,good
Design is good #8522,nice
Extremely poor #2451,terrible
Value for money #5731,good
Don’t buy this #7718,terrible
Good aesthetics #9206,nice
Terrible service #9076,worst
Terrible service #9355,worst
Design is good #3218,nice
Meets expectations #7477,good
Awful quality #7437,terrible
Good quality #4335,good
Nice packaging #1022,nice
Very disappointed #8433,terrible
Pleased with the appearance #7697,nice
Completely useless #3204,worst
Never buying again #9111,worst
Didn’t work well #1435,bad
Poor quality #9077,bad
Mediocre performance #1598,average
Nothing special #8978,average
Completely useless #2927,worst
Nice performance #7494,good
Nice performance #260,good
Product is decent #4587,good
Perfect purchase #514,excellent
Feels premium #1399,nice
Didn’t work well #4965,bad
Nice packaging #376,nice
Feels premium #3478,nice
Value for money #3462,good
Broke quickly #190,poor
Excellent product #4903,excellent
"Not bad, not great #5518",average
Perfect purchase #551,excellent
Poor quality #7556,bad
Cheap materials #2988,poor
Not worth it #360,poor
Flimsy material #2296,bad
Comfortable and nice #8320,nice
Extremely poor #7604,terrible
Needs improvement #6558,poor
Flimsy material #6974,bad
Superb quality #42,excellent
Perfect purchase #7545,excellent
Mediocre performance #6195,average
Terrible product #5362,terrible
Looks good #3800,nice
Overpriced for quality #6193,bad
Needs improvement #5271,poor
Exceeds expectations #6220,excellent
Moderate quality #5479,average
Outstanding performance #2415,excellent
Highly recommend #145,excellent
Cheap materials #1124,poor
Terrible service #2531,worst
Not worth it #1601,poor
Nice packaging #7667,nice
Value for money #4309,good
Nice performance #8042,good
Mediocre performance #1853,average
Pleased with the appearance #97,nice
Needs improvement #568,poor
Not worth it #7459,poor
Stopped working #4279,bad
Pleased with the appearance #7544,nice
Never buying again #9632,worst
Wasted my money #1668,worst
Just fine #9643,average
Don’t buy this #1249,terrible
Very bad quality #7347,worst
Perfect purchase #256,excellent
Mediocre performance #9233,average
Excellent product #8487,excellent
Perfect purchase #1990,excellent
It’s okay #592,average
It’s okay #8637,average
Terrible service #3916,worst
Worst ever #5842,worst
Needs improvement #1956,poor
Works well #3463,good
Poor quality #274,bad
Big mistake #7389,terrible
Horrible experience #2168,worst
Comfortable and nice #8230,nice
Didn’t work well #636,bad
It’s okay #7906,average
Needs improvement #5091,poor
Good aesthetics #7893,nice
Overpriced for quality #9417,bad
Poor quality #5994,bad
Broke quickly #4789,poor
Needs improvement #9346,poor
Could be better #7079,bad
Completely useless #121,worst
Low durability #1042,poor
Perfect purchase #3017,excellent
Low durability #424,poor
Product is decent #913,good
Completely useless #5539,worst
Flimsy material #7630,bad
Nice performance #3590,good
Flimsy material #4774,bad
Just fine #9098,average
Meets expectations #7042,good
Top-notch item #7159,excellent
Terrible service #6883,worst
Not as expected #2059,bad
Comfortable and nice #8011,nice
Disappointed #9092,bad
Design is good #4259,nice
Looks good #8568,nice
Poor quality #7756,bad
Terrible product #5040,terrible
Works well #7172,good
Product broke immediately #2646,terrible
Poor build #9127,poor
Never buying again #38,worst
Highly recommend #6070,excellent
Disappointed #2644,bad
Meets expectations #6208,good
Poor quality #9,bad
Cheap materials #6992,poor
Mediocre performance #1036,average
Satisfactory #9859,average
Nice packaging #2257,nice
Top-notch item #7337,excellent
Below average #6428,poor
Top-notch item #7326,excellent
Fantastic choice #8712,excellent
Superb quality #686,excellent
Broke quickly #6754,poor
Not as expected #4867,bad
Moderate quality #3811,average
Really good product #5807,good
Product is decent #4072,good
Cheap materials #9883,poor
Not worth it #5538,poor
Meets expectations #8544,good
Meets expectations #4975,good
Meets expectations #7070,good
Never buying again #8265,worst
Really good product #2788,good
Below average #3027,poor
Didn’t work well #9323,bad
Nice look #3773,nice
Highly recommend #2585,excellent
Feels premium #9855,nice
Top-notch item #1451,excellent
Perfect purchase #3709,excellent
Disappointed #2977,bad
Pleased with the appearance #3177,nice
Nice look #6612,nice
Superb quality #6755,excellent
Product broke immediately #3733,terrible
Disheartening purchase #9338,poor
Defective item #8255,worst
Poor build #2989,poor
It’s okay #3503,average
Awful quality #3599,terrible
Superb quality #5170,excellent
Worst ever #3326,worst
Top-notch item #2459,excellent
Big mistake #5250,terrible
Worst ever #7623,worst
Below average #8888,poor
Comfortable and nice #9151,nice
Outstanding performance #1676,excellent
Broke quickly #2247,poor
Horrible experience #7562,worst
Really good product #527,good
Top-notch item #2753,excellent
It’s okay #9230,average
Not worth it #7924,poor
Nice look #290,nice
Moderate quality #6225,average
Disappointed #7967,bad
"Not bad, not great #7115",average
Cheap materials #55,poor
Nice performance #6550,good
Mediocre performance #1203,average
Nice look #2704,nice
Disappointed #2812,bad
Excellent product #6674,excellent
Feels premium #8249,nice
Terrible product #5838,terrible
Low durability #1472,poor
Completely useless #5300,worst
Just fine #3851,average
Outstanding performance #2782,excellent
Average experience #6759,average
Nice look #8035,nice
Outstanding performance #9584,excellent
Just fine #2227,average
Average experience #6602,average
Broke quickly #3994,poor
Product broke immediately #5706,terrible
Completely useless #26,worst
Design is good #2753,nice
Pleased with the appearance #3621,nice
Design is good #3350,nice
Perfect purchase #740,excellent
Perfect purchase #965,excellent
Comfortable and nice #6848,nice
Not as expected #3889,bad
Not as expected #8403,bad
Top-notch item #9609,excellent
It’s okay #2974,average
Works well #8905,good
Extremely poor #4809,terrible
Don’t buy this #4402,terrible
Overpriced for quality #6037,bad
Looks good #4355,nice
Nice packaging #1214,nice
Not as expected #2960,bad
Low durability #8298,poor
Meets expectations #9551,good
Could be better #2191,bad
It’s okay #8888,average
Broke quickly #8381,poor
Terrible service #2568,worst
Happy with it #3613,good
Nothing special #3880,average
Big mistake #7342,terrible
Pleased with the appearance #8168,nice
Don’t buy this #8447,terrible
Not as expected #5721,bad
Terrible service #432,worst
Never buying again #3590,worst
Nice look #778,nice
Very bad quality #5144,worst
Could be better #6599,bad
Low durability #658,poor
Disappointed #7907,bad
Completely useless #9503,worst
Moderate quality #6968,average
Not as expected #6809,bad
Very bad quality #4104,worst
Product is decent #3093,good
Excellent product #2775,excellent
Moderate quality #2530,average
It’s okay #626,average
Terrible product #9104,terrible
Low durability #2272,poor
Good aesthetics #4523,nice
Poor quality #1384,bad
Good quality #6314,good
Feels premium #5649,nice
Wasted my money #317,worst
Disheartening purchase #6612,poor
Satisfactory #7187,average
Product broke immediately #1665,terrible
Good aesthetics #1840,nice
Could be better #3225,bad
Satisfactory #9234,average
"Not bad, not great #1044",average
Pleased with the appearance #1223,nice
Completely useless #4455,worst
Looks good #9360,nice
Really good product #1675,good
"Not bad, not great #6364",average
Could be better #3657,bad
Horrible experience #1228,worst
"Not bad, not great #9342",average
Terrible product #4389,terrible
Nice packaging #6992,nice
Nothing special #7115,average
Very disappointed #920,terrible
Really good product #693,good
Perfect purchase #9265,excellent
Excellent product #2930,excellent
Product broke immediately #916,terrible
Broke quickly #1467,poor
Defective item #8499,worst
Horrible experience #5421,worst
Very disappointed #7000,terrible
Happy with it #2726,good
Works well #6154,good
Not as expected #5444,bad
Wasted my money #5729,worst
Moderate quality #747,average
Stopped working #8080,bad
Happy with it #9735,good
Cheap materials #7865,poor
Good quality #1797,good
Needs improvement #4050,poor
Looks good #4759,nice
Never buying again #846,worst
Awful quality #6702,terrible
Below average #2796,poor
Just fine #8129,average
Could be better #17,bad
Comfortable and nice #1420,nice
Meets expectations #940,good
Value for money #7048,good
Disheartening purchase #6186,poor
Nice packaging #4268,nice
Pleased with the appearance #8469,nice
Not as expected #5834,bad
Nothing special #5112,average
Excellent product #6841,excellent
Very disappointed #9957,terrible
Disappointed #7264,bad
Horrible experience #5439,worst
Nice packaging #2710,nice
Satisfactory #8232,average
Nothing special #114,average
Nice look #9286,nice
Excellent product #8637,excellent
Comfortable and nice #1270,nice
Low durability #1398,poor
Good aesthetics #4252,nice
Not as expected #278,bad
Defective item #4284,worst
Not as expected #4469,bad
Good aesthetics #9187,nice
Overpriced for quality #3435,bad
Very disappointed #6377,terrible
Overpriced for quality #6897,bad
Exceeds expectations #5284,excellent
Happy with it #8535,good
Good quality #4013,good
"Not bad, not great #8931",average
Cheap materials #8521,poor
Flimsy material #7139,bad
Product broke immediately #662,terrible
Could be better #1440,bad
Extremely poor #8117,terrible
Happy with it #9462,good
Excellent product #4682,excellent
Mediocre performance #797,average
Product broke immediately #3254,terrible
Really good product #372,good
Works well #7639,good
Design is good #6450,nice
Terrible service #6877,worst
Never buying again #6590,worst
Nice look #5822,nice
Terrible service #7542,worst
Never buying again #684,worst
Horrible experience #6882,worst
Comfortable and nice #3690,nice
Meets expectations #1846,good
Exceeds expectations #9002,excellent
Moderate quality #2702,average
Comfortable and nice #2620,nice
Good quality #6300,good
Terrible product #6676,terrible
Broke quickly #1438,poor
Value for money #8026,good
Very bad quality #7067,worst
Big mistake #8312,terrible
Works well #1188,good
Nice look #7972,nice
Nothing special #7807,average
Not as expected #9701,bad
Really good product #7872,good
Superb quality #1193,excellent
Don’t buy this #5239,terrible
Awful quality #5065,terrible
Very disappointed #9719,terrible
Not as expected #7788,bad
"Not bad, not great #3797",average
Worst value #18,terrible
Never buying again #7667,worst
Meets expectations #9532,good
Mediocre performance #4558,average
Extremely poor #2870,terrible
Product is decent #6234,good
Product broke immediately #2320,terrible
Nothing special #5744,average
Poor build #540,poor
Terrible service #7815,worst
Disappointed #4583,bad
Value for money #3627,good
Value for money #4556,good
Stopped working #826,bad
Poor build #5456,poor
Average experience #2146,average
Excellent product #8334,excellent
Never buying again #8278,worst
Low durability #2778,poor
Happy with it #4599,good
Worst value #6025,terrible
Top-notch item #4381,excellent
Terrible product #7275,terrible
Product broke immediately #4023,terrible
Nice packaging #2697,nice
Good aesthetics #2387,nice
Perfect purchase #6591,excellent
Never buying again #1292,worst
Fantastic choice #8497,excellent
Nice packaging #7192,nice
Nice look #3011,nice
Happy with it #8398,good
Outstanding performance #2234,excellent
Not as expected #694,bad
Outstanding performance #7912,excellent
Satisfactory #1851,average
Satisfactory #1433,average
Good aesthetics #6829,nice
Could be better #7204,bad
Didn’t work well #7179,bad
Product broke immediately #5808,terrible
Nice packaging #3727,nice
Poor quality #9034,bad
Really good product #4057,good
Terrible product #2397,terrible
Pleased with the appearance #8930,nice
Not as expected #186,bad
Good quality #3024,good
Nice packaging #5938,nice
Worst value #7119,terrible
Stopped working #3106,bad
Comfortable and nice #7888,nice
Comfortable and nice #422,nice
Excellent product #7751,excellent
Good quality #6557,good
Average experience #7573,average
Design is good #408,nice
Looks good #6246,nice
Cheap materials #5164,poor
Didn’t work well #8891,bad
Not as expected #9262,bad
Worst value #537,terrible
Good aesthetics #8562,nice
Very bad quality #301,worst
Perfect purchase #8629,excellent
Perfect purchase #6468,excellent
Needs improvement #692,poor
Nice performance #8852,good
Don’t buy this #1464,terrible
Disappointed #5684,bad
Extremely poor #4074,terrible
Below average #584,poor
Good aesthetics #4622,nice
Really good product #2293,good
Overpriced for quality #5372,bad
Terrible product #3703,terrible
Poor build #6484,poor
Exceeds expectations #291,excellent
Mediocre performance #1988,average
Nice packaging #6153,nice
Extremely poor #7210,terrible
It’s okay #8620,average
It’s okay #4655,average
Very disappointed #7957,terrible
Very disappointed #7855,terrible
Nice look #3907,nice
Feels premium #8055,nice
Very bad quality #8141,worst
Excellent product #2704,excellent
Value for money #9515,good
Cheap materials #745,poor
Stopped working #9369,bad
Never buying again #6694,worst
Superb quality #9382,excellent
Happy with it #4694,good
Product broke immediately #6338,terrible
Not as expected #5989,bad
Nice performance #9299,good
Pleased with the appearance #2467,nice
Works well #3441,good
Top-notch item #8545,excellent
Awful quality #9045,terrible
Perfect purchase #7174,excellent
Works well #676,good
Stopped working #1969,bad
Nice packaging #897,nice
Wasted my money #6964,worst
Fantastic choice #5735,excellent
Product broke immediately #3502,terrible
Big mistake #9458,terrible
Works well #8892,good
Poor build #1311,poor
Moderate quality #2671,average
Overpriced for quality #8992,bad
Overpriced for quality #81,bad
Excellent product #1797,excellent
Pleased with the appearance #9092,nice
Value for money #8803,good
Very disappointed #3320,terrible
Cheap materials #9484,poor
Top-notch item #4587,excellent
Awful quality #8499,terrible
Superb quality #1402,excellent
Average experience #3341,average
Awful quality #2881,terrible
Good aesthetics #6599,nice
Exceeds expectations #6481,excellent
Worst ever #79,worst
Average experience #8859,average
Product broke immediately #6883,terrible
Moderate quality #1413,average
Don’t buy this #4995,terrible
Overpriced for quality #2791,bad
Worst value #8411,terrible
Terrible service #8472,worst
Feels premium #6659,nice
Defective item #7144,worst
Very disappointed #9038,terrible
Awful quality #6121,terrible
It’s okay #5698,average
Low durability #7330,poor
Moderate quality #4611,average
Didn’t work well #2541,bad
Poor build #7430,poor
"Not bad, not great #7387",average
Could be better #3096,bad
Moderate quality #7573,average
Excellent product #1400,excellent
Perfect purchase #2747,excellent
Big mistake #6329,terrible
Don’t buy this #146,terrible
Big mistake #8517,terrible
Big mistake #2128,terrible
Good quality #6304,good
Product broke immediately #9908,terrible
Low durability #4416,poor
"Not bad, not great #4477",average
Below average #3149,poor
Comfortable and nice #3870,nice
Could be better #2575,bad
Didn’t work well #7504,bad
Exceeds expectations #4295,excellent
Just fine #383,average
Poor quality #4378,bad
Moderate quality #9935,average
Not worth it #8767,poor
Good aesthetics #5056,nice
Moderate quality #8592,average
Outstanding performance #5329,excellent
Satisfactory #3861,average
Excellent product #3587,excellent
Satisfactory #5745,average
Disappointed #5060,bad
Not as expected #5782,bad
Superb quality #1638,excellent
Nothing special #22,average
Feels premium #9554,nice
Not worth it #6860,poor
Product broke immediately #5769,terrible
Worst value #4415,terrible
Product is decent #9104,good
Very bad quality #3881,worst
Very disappointed #1128,terrible
Design is good #1046,nice
Mediocre performance #8291,average
Poor quality #4404,bad
Excellent product #5313,excellent
Superb quality #997,excellent
Terrible product #9692,terrible
Didn’t work well #3167,bad
Terrible product #973,terrible
Never buying again #8502,worst
Value for money #4140,good
Meets expectations #6941,good
Worst value #2416,terrible
Excellent product #356,excellent
Not as expected #3994,bad
"Not bad, not great #3012",average
Disappointed #6052,bad
Value for money #5455,good
Meets expectations #7210,good
Just fine #116,average
Needs improvement #8355,poor
Horrible experience #6468,worst
Product is decent #3381,good
Cheap materials #7852,poor
Fantastic choice #8640,excellent
Big mistake #5161,terrible
Design is good #907,nice
Extremely poor #1324,terrible
Very disappointed #2140,terrible
Product is decent #4735,good
Disheartening purchase #1349,poor
Design is good #8338,nice
Low durability #6322,poor
Never buying again #227,worst
Horrible experience #1833,worst
Meets expectations #7882,good
Disheartening purchase #4312,poor
Very bad quality #3389,worst
Not as expected #7416,bad
Feels premium #1007,nice
Mediocre performance #1153,average
Disheartening purchase #3194,poor
Really good product #9950,good
Exceeds expectations #4432,excellent
Could be better #7880,bad
Looks good #1972,nice
Really good product #748,good
Outstanding performance #3943,excellent
Average experience #6678,average
Low durability #3841,poor
Meets expectations #6722,good
Never buying again #2575,worst
Just fine #2689,average
Nothing special #6618,average
Stopped working #6434,bad
Poor quality #6468,bad
Nothing special #1291,average
Really good product #6101,good
"Not bad, not great #1052",average
Could be better #6254,bad
Works well #712,good
Fantastic choice #4317,excellent
It’s okay #3126,average
Below average #5188,poor
Poor build #1045,poor
Not as expected #8351,bad
It’s okay #3977,average
Not worth it #4230,poor
Worst ever #1510,worst
Really good product #9538,good
Worst value #2953,terrible
Terrible service #1075,worst
Very bad quality #9581,worst
Horrible experience #3146,worst
Comfortable and nice #1536,nice
Extremely poor #5295,terrible
Just fine #8235,average
Satisfactory #9443,average
Perfect purchase #4446,excellent
"Not bad, not great #2617",average
Never buying again #2172,worst
Design is good #462,nice
Terrible product #3361,terrible
Fantastic choice #3184,excellent
Exceeds expectations #6405,excellent
Needs improvement #7799,poor
Stopped working #9600,bad
Product broke immediately #4674,terrible
"Not bad, not great #6610",average
Could be better #4108,bad
Looks good #1593,nice
Don’t buy this #5331,terrible
Meets expectations #1926,good
Flimsy material #9760,bad
Moderate quality #105,average
Outstanding performance #4132,excellent
Not as expected #7919,bad
Nice performance #8827,good
Outstanding performance #2179,excellent
Moderate quality #7280,average
Happy with it #5833,good
Stopped working #4685,bad
Not worth it #430,poor
Comfortable and nice #7045,nice
Fantastic choice #6762,excellent
Exceeds expectations #7650,excellent
Pleased with the appearance #3045,nice
Really good product #8183,good
Meets expectations #9889,good
Cheap materials #4154,poor
Nothing special #7511,average
Poor quality #5494,bad
Nice performance #1330,good
Meets expectations #7558,good
Extremely poor #7455,terrible
Superb quality #4377,excellent
Very bad quality #5765,worst
"Not bad, not great #2791",average
Cheap materials #7765,poor
Don’t buy this #5176,terrible
Big mistake #8424,terrible
Excellent product #4012,excellent
Mediocre performance #3566,average
Fantastic choice #5638,excellent
Just fine #6102,average
Mediocre performance #8749,average
Didn’t work well #2772,bad
Needs improvement #4771,poor
Really good product #5562,good
Poor build #7346,poor
Looks good #6591,nice
Comfortable and nice #2424,nice
Nice packaging #9498,nice
Perfect purchase #7261,excellent
Terrible service #2976,worst
Outstanding performance #3232,excellent
Superb quality #1428,excellent
Outstanding performance #9721,excellent
Horrible experience #8471,worst
Terrible product #858,terrible
Horrible experience #499,worst
Flimsy material #6825,bad
Looks good #9613,nice
Disheartening purchase #8557,poor
Good quality #4128,good
Exceeds expectations #5,excellent
Disheartening purchase #4809,poor
It’s okay #1105,average
Needs improvement #5565,poor
Poor quality #6476,bad
Not as expected #5407,bad
Fantastic choice #3544,excellent
Didn’t work well #8609,bad
Average experience #3020,average
Extremely poor #5284,terrible
Highly recommend #5248,excellent
Big mistake #7990,terrible
Perfect purchase #1366,excellent
Moderate quality #9743,average
Feels premium #1983,nice
Nothing special #2297,average
Terrible product #2627,terrible
Satisfactory #1710,average
Product broke immediately #9396,terrible
Flimsy material #7671,bad
Outstanding performance #855,excellent
Product is decent #6483,good
Awful quality #4337,terrible
Nice performance #3053,good
Awful quality #6654,terrible
Product broke immediately #7997,terrible
Completely useless #8564,worst
Big mistake #222,terrible
Needs improvement #5031,poor
Flimsy material #7129,bad
Poor quality #2279,bad
Completely useless #1903,worst
Outstanding performance #8522,excellent
Happy with it #9156,good
Feels premium #7625,nice
Terrible service #7372,worst
Average experience #3957,average
Nothing special #6283,average
Superb quality #8888,excellent
Nice packaging #7362,nice
Superb quality #9286,excellent
Really good product #9173,good
Good quality #9376,good
Satisfactory #7556,average
Nothing special #7302,average
Disappointed #8574,bad
Comfortable and nice #9337,nice
Nice look #2199,nice
Big mistake #780,terrible
Worst value #9260,terrible
Design is good #1516,nice
"Not bad, not great #7419",average
Never buying again #8368,worst
Stopped working #897,bad
Flimsy material #6311,bad
Superb quality #7942,excellent
Flimsy material #7500,bad
Poor quality #2110,bad
Comfortable and nice #1856,nice
Really good product #8147,good
Horrible experience #8736,worst
Superb quality #3808,excellent
Awful quality #21,terrible
Nothing special #3852,average
Mediocre performance #791,average
Outstanding performance #9905,excellent
Terrible service #1019,worst
Defective item #7224,worst
Nothing special #8142,average
Could be better #8244,bad
Fantastic choice #2192,excellent
Terrible service #7294,worst
Didn’t work well #5926,bad
Feels premium #4227,nice
Very disappointed #108,terrible
Exceeds expectations #9532,excellent
Completely useless #5808,worst
Flimsy material #5514,bad
Terrible service #6482,worst
Overpriced for quality #5952,bad
Product is decent #6503,good
Needs improvement #7465,poor
Big mistake #3921,terrible
Stopped working #2131,bad
Very bad quality #6742,worst
Not worth it #1590,poor
Completely useless #2820,worst
Top-notch item #3855,excellent
Works well #1251,good
"Not bad, not great #3760",average
Awful quality #545,terrible
Moderate quality #3645,average
Very bad quality #5960,worst
Pleased with the appearance #7595,nice
Cheap materials #3567,poor
Cheap materials #9658,poor
Meets expectations #7373,good
Superb quality #4133,excellent
Broke quickly #468,poor
Feels premium #9893,nice
Defective item #222,worst
Not worth it #4933,poor
It’s okay #5238,average
Good aesthetics #5509,nice
Just fine #1284,average
Low durability #8565,poor
Stopped working #813,bad
Needs improvement #8586,poor
Never buying again #7771,worst
Average experience #8591,average
Worst ever #212,worst
Perfect purchase #9362,excellent
Top-notch item #2935,excellent
Completely useless #3861,worst
Cheap materials #6360,poor
Works well #7825,good
Didn’t work well #6197,bad
Big mistake #2617,terrible
Stopped working #8226,bad
Moderate quality #2169,average
Happy with it #3713,good
Never buying again #9768,worst
Extremely poor #7868,terrible
Flimsy material #7093,bad
Excellent product #6137,excellent
Outstanding performance #5322,excellent
Could be better #404,bad
Extremely poor #468,terrible
Product is decent #8824,good
Outstanding performance #2403,excellent
Pleased with the appearance #5317,nice
Really good product #7935,good
Very bad quality #5532,worst
Not as expected #8019,bad
Worst value #3843,terrible
Awful quality #6413,terrible
Happy with it #7825,good
Outstanding performance #1066,excellent
Looks good #748,nice
Superb quality #4574,excellent
Big mistake #5589,terrible
Good quality #4242,good
Highly recommend #8545,excellent
Nice performance #2416,good
Moderate quality #5169,average
Perfect purchase #4691,excellent
Nice performance #1621,good
Good quality #6075,good
Exceeds expectations #3118,excellent
Disheartening purchase #996,poor
Nice performance #7867,good
Nice packaging #1030,nice
Pleased with the appearance #2921,nice
Awful quality #8550,terrible
Not as expected #2260,bad
Big mistake #3068,terrible
Terrible service #3085,worst
Perfect purchase #6559,excellent
Average experience #3956,average
Product broke immediately #1033,terrible
"Not bad, not great #366",average
Poor build #5818,poor
Horrible experience #6817,worst
Feels premium #2377,nice
Worst ever #3728,worst
Product broke immediately #3055,terrible
Didn’t work well #2043,bad
Good aesthetics #1506,nice
Terrible service #2921,worst
Value for money #7759,good
Value for money #1717,good
Disappointed #4141,bad
Top-notch item #6674,excellent
Could be better #3490,bad
Never buying again #4785,worst
Top-notch item #5454,excellent
Just fine #8885,average
Exceeds expectations #2728,excellent
Mediocre performance #7048,average
Feels premium #6138,nice
Nice packaging #4936,nice
Awful quality #3071,terrible
Exceeds expectations #5937,excellent
Top-notch item #7485,excellent
Disappointed #3237,bad
Very disappointed #1357,terrible
Superb quality #1532,excellent
Worst value #1186,terrible
It’s okay #3607,average
Nice packaging #2904,nice
Satisfactory #7582,average
Exceeds expectations #6140,excellent
Pleased with the appearance #8730,nice
Stopped working #5395,bad
Extremely poor #7441,terrible
Really good product #6285,good
Wasted my money #1220,worst
Excellent product #1837,excellent
Didn’t work well #181,bad
Product broke immediately #4541,terrible
Superb quality #2452,excellent
Cheap materials #5182,poor
Overpriced for quality #8874,bad
Never buying again #5622,worst
Flimsy material #5497,bad
Mediocre performance #754,average
Value for money #9088,good
Product is decent #9158,good
Awful quality #2528,terrible
Very bad quality #9214,worst
Overpriced for quality #9718,bad
Don’t buy this #3926,terrible
Disheartening purchase #2507,poor
Stopped working #876,bad
Top-notch item #411,excellent
Fantastic choice #9020,excellent
Average experience #2639,average
Needs improvement #733,poor
Meets expectations #9963,good
Design is good #1738,nice
Didn’t work well #8685,bad
Horrible experience #9277,worst
Meets expectations #7018,good
Not worth it #4227,poor
Horrible experience #2987,worst
Disheartening purchase #7539,poor
Meets expectations #3577,good
Never buying again #7549,worst
Good quality #665,good
Don’t buy this #4507,terrible
Awful quality #1210,terrible
Top-notch item #3701,excellent
Superb quality #8152,excellent
Big mistake #2,terrible
Stopped working #5676,bad
Good quality #8158,good
Design is good #2227,nice
Low durability #1411,poor
Value for money #3280,good
Wasted my money #4286,worst
Fantastic choice #742,excellent
Happy with it #5550,good
Low durability #1651,poor
Average experience #3373,average
Average experience #9358,average
Excellent product #8185,excellent
Poor build #4427,poor
Stopped working #8140,bad
Product is decent #3305,good
Outstanding performance #4555,excellent
Really good product #7725,good
Poor build #8130,poor
Works well #7839,good
Flimsy material #7531,bad
Defective item #6281,worst
Wasted my money #4204,worst
Pleased with the appearance #9953,nice
Design is good #323,nice
Broke quickly #9562,poor
Satisfactory #6842,average
Poor quality #1469,bad
Product is decent #7732,good
Not as expected #7206,bad
Average experience #2543,average
Flimsy material #913,bad
Good aesthetics #9310,nice
Average experience #8994,average
Satisfactory #6305,average
Product broke immediately #2323,terrible
Works well #7368,good
Never buying again #3974,worst
Needs improvement #6943,poor
Nice look #2366,nice
Good quality #4489,good
Big mistake #2977,terrible
Completely useless #2160,worst
Just fine #7662,average
Design is good #7195,nice
Horrible experience #4990,worst
Looks good #4246,nice
Mediocre performance #1301,average
Below average #3935,poor
Don’t buy this #1124,terrible
Terrible product #6749,terrible
Design is good #3316,nice
Perfect purchase #1215,excellent
Works well #3060,good
Didn’t work well #4184,bad
Worst ever #2310,worst
Broke quickly #864,poor
Nice packaging #4087,nice
Not as expected #521,bad
Fantastic choice #4590,excellent
Feels premium #233,nice
Awful quality #9479,terrible
Satisfactory #9178,average
Pleased with the appearance #8497,nice
Not worth it #5773,poor
Poor quality #6301,bad
Below average #7068,poor
Excellent product #8152,excellent
Don’t buy this #2790,terrible
Really good product #8921,good
Top-notch item #7842,excellent
Fantastic choice #2243,excellent
Not as expected #5597,bad
Overpriced for quality #2264,bad
Excellent product #8047,excellent
Average experience #3065,average
Awful quality #7257,terrible
Horrible experience #2995,worst
Fantastic choice #3105,excellent
Satisfactory #5988,average
Poor quality #978,bad
Nothing special #4185,average
Disheartening purchase #8106,poor
Comfortable and nice #7938,nice
Excellent product #3542,excellent
Value for money #5312,good
Superb quality #5522,excellent
Works well #520,good
"Not bad, not great #9869",average
Worst value #6047,terrible
Product is decent #9715,good
It’s okay #2693,average
Terrible product #1588,terrible
Stopped working #5741,bad
Happy with it #4785,good
Not as expected #6184,bad
Never buying again #5724,worst
Poor quality #854,bad
Really good product #6846,good
Good quality #8513,good
Just fine #6882,average
Low durability #9941,poor
Overpriced for quality #440,bad
Worst ever #5029,worst
Low durability #3581,poor
Average experience #6562,average
Feels premium #729,nice
Meets expectations #94,good
Nothing special #4973,average
Below average #8158,poor
Cheap materials #403,poor
Comfortable and nice #812,nice
Really good product #3326,good
Product broke immediately #426,terrible
Broke quickly #7535,poor
Broke quickly #628,poor
Needs improvement #4614,poor
Could be better #5079,bad
Terrible product #6799,terrible
Good quality #2634,good
Wasted my money #5405,worst
Moderate quality #9245,average
Needs improvement #5868,poor
Defective item #9628,worst
Low durability #2055,poor
Flimsy material #4656,bad
Good aesthetics #9729,nice
Product broke immediately #281,terrible
It’s okay #8623,average
Good quality #4518,good
Excellent product #1346,excellent
Extremely poor #3270,terrible
Outstanding performance #459,excellent
It’s okay #4248,average
Very bad quality #8608,worst
Broke quickly #1258,poor
Highly recommend #4537,excellent
Not as expected #2551,bad
Exceeds expectations #5784,excellent
Never buying again #93,worst
Nice packaging #4882,nice
Nice packaging #5307,nice
Don’t buy this #5733,terrible
Very bad quality #239,worst
Perfect purchase #9514,excellent
Really good product #5602,good
Needs improvement #8935,poor
Happy with it #376,good
Moderate quality #1172,average
Good aesthetics #2411,nice
Defective item #7614,worst
Works well #9979,good
Defective item #9605,worst
Top-notch item #1410,excellent
Not worth it #2244,poor
Wasted my money #3885,worst
Wasted my money #4936,worst
Wasted my money #7317,worst
Wasted my money #1172,worst
Highly recommend #9772,excellent
Average experience #3892,average
Product is decent #1615,good
Could be better #5298,bad
Nice performance #6408,good
Moderate quality #6215,average
Works well #5934,good
Very disappointed #6862,terrible
Fantastic choice #3312,excellent
Meets expectations #6743,good
Completely useless #8898,worst
Extremely poor #8186,terrible
Meets expectations #6855,good
Feels premium #4454,nice
Big mistake #1653,terrible
Just fine #4194,average
Overpriced for quality #5320,bad
Didn’t work well #7167,bad
Broke quickly #64,poor
Top-notch item #3204,excellent
Flimsy material #8255,bad
Defective item #1777,worst
Satisfactory #6828,average
Could be better #29,bad
"Not bad, not great #8688",average
It’s okay #2499,average
Nothing special #1700,average
Below average #9172,poor
Really good product #2285,good
Top-notch item #1946,excellent
Comfortable and nice #4515,nice
Just fine #9923,average
Cheap materials #9696,poor
Not worth it #8168,poor
Pleased with the appearance #4023,nice
Disheartening purchase #710,poor
Looks good #166,nice
Top-notch item #3168,excellent
Nice packaging #5847,nice
Exceeds expectations #8254,excellent
Cheap materials #7330,poor
Wasted my money #4017,worst
Could be better #8260,bad
Poor quality #2694,bad
Don’t buy this #8232,terrible
Nice performance #8315,good
Highly recommend #7852,excellent
Very bad quality #797,worst
Wasted my money #9713,worst
Don’t buy this #3133,terrible
Looks good #4632,nice
Happy with it #2606,good
Below average #5178,poor
Stopped working #6933,bad
Very disappointed #1143,terrible
Terrible product #1970,terrible
Exceeds expectations #6056,excellent
Very disappointed #9293,terrible
Worst value #370,terrible
Meets expectations #2528,good
Flimsy material #2328,bad
Stopped working #7875,bad
Not as expected #1245,bad
"Not bad, not great #7507",average
Cheap materials #1134,poor
Disappointed #507,bad
Feels premium #2494,nice
Defective item #8067,worst
Outstanding performance #7110,excellent
Very bad quality #4448,worst
Could be better #1648,bad
Extremely poor #5298,terrible
It’s okay #4009,average
Good quality #3578,good
Satisfactory #3389,average
Worst value #9161,terrible
Extremely poor #1413,terrible
Product is decent #8635,good
Wasted my money #6697,worst
Comfortable and nice #9298,nice
Good aesthetics #920,nice
Happy with it #204,good
Really good product #4654,good
Really good product #446,good
Moderate quality #1850,average
It’s okay #9381,average
Extremely poor #3086,terrible
Didn’t work well #9117,bad
"Not bad, not great #2661",average
Below average #6734,poor
Worst value #8778,terrible
Awful quality #4960,terrible
Wasted my money #9221,worst
Horrible experience #4607,worst
Good aesthetics #4038,nice
Outstanding performance #1104,excellent
Outstanding performance #8125,excellent
Defective item #7426,worst
Just fine #5664,average
Comfortable and nice #2571,nice
Value for money #4783,good
Don’t buy this #6696,terrible
Not worth it #35,poor
Nice look #3253,nice
Meets expectations #5407,good
Product broke immediately #1219,terrible
Awful quality #9119,terrible
Works well #3503,good
It’s okay #252,average
Nice look #3590,nice
Broke quickly #5569,poor
Never buying again #4884,worst
Product broke immediately #9566,terrible
Good aesthetics #5375,nice
Looks good #5265,nice
Not worth it #2864,poor
Broke quickly #9424,poor
Nice look #1135,nice
Overpriced for quality #924,bad
Broke quickly #2592,poor
Poor quality #7112,bad
Below average #799,poor
Not worth it #9890,poor
Outstanding performance #6964,excellent
Excellent product #3780,excellent
Good aesthetics #9652,nice
Exceeds expectations #4390,excellent
Perfect purchase #2102,excellent
Needs improvement #9246,poor
Moderate quality #4688,average
Don’t buy this #7249,terrible
Very bad quality #4709,worst
Mediocre performance #9063,average
Nice look #4626,nice
Terrible service #8593,worst
Awful quality #924,terrible
Completely useless #4571,worst
Very bad quality #5290,worst
Big mistake #3027,terrible
Disappointed #3461,bad
Superb quality #8433,excellent
Highly recommend #7701,excellent
Nothing special #5420,average
Looks good #7075,nice
Extremely poor #8719,terrible
Low durability #9846,poor
Could be better #6628,bad
Comfortable and nice #1612,nice
Needs improvement #8637,poor
Perfect purchase #5379,excellent
"Not bad, not great #6074",average
Not worth it #2026,poor
Extremely poor #8764,terrible
Satisfactory #4799,average
Terrible product #9368,terrible
Nothing special #1156,average
Design is good #7431,nice
Perfect purchase #4819,excellent
Big mistake #1249,terrible
Could be better #1650,bad
Comfortable and nice #4334,nice
Exceeds expectations #9856,excellent
Excellent product #8495,excellent
Wasted my money #1707,worst
Cheap materials #2080,poor
Below average #4201,poor
Poor quality #1685,bad
"Not bad, not great #8044",average
Excellent product #6147,excellent
Terrible service #245,worst
Didn’t work well #4,bad
Good aesthetics #1267,nice
Poor build #5653,poor
Value for money #3220,good
Not worth it #1593,poor
Satisfactory #3693,average
Could be better #4674,bad
Average experience #2809,average
Top-notch item #4570,excellent
Top-notch item #4176,excellent
Don’t buy this #3226,terrible
Poor quality #1243,bad
Low durability #5506,poor
Very disappointed #6991,terrible
Fantastic choice #6613,excellent
Exceeds expectations #3393,excellent
Works well #599,good
Nice look #7008,nice
Works well #6202,good
Good aesthetics #4713,nice
Meets expectations #2126,good
Outstanding performance #1768,excellent
Really good product #7967,good
Never buying again #8667,worst
Nice performance #3181,good
Disheartening purchase #725,poor
Happy with it #7698,good
"Not bad, not great #6228",average
Moderate quality #5884,average
Could be better #586,bad
Value for money #4940,good
Good quality #1511,good
Happy with it #6525,good
Happy with it #6035,good
Disappointed #880,bad
Low durability #4942,poor
Superb quality #159,excellent
Outstanding performance #314,excellent
Highly recommend #3601,excellent
Extremely poor #858,terrible
Terrible service #6431,worst
Product broke immediately #9457,terrible
Product is decent #7145,good
Very disappointed #9146,terrible
Excellent product #625,excellent
Product broke immediately #6794,terrible
Really good product #308,good
Very disappointed #8542,terrible
Extremely poor #3680,terrible
Poor quality #1659,bad
Low durability #8360,poor
Stopped working #5568,bad
Not worth it #4716,poor
Fantastic choice #9183,excellent
Mediocre performance #7930,average
Poor quality #4124,bad
Horrible experience #54,worst
Looks good #6593,nice
Product broke immediately #8751,terrible
Value for money #2934,good
Stopped working #6381,bad
Good quality #5946,good
Terrible product #7084,terrible
Horrible experience #8044,worst
Terrible service #9368,worst
Defective item #7088,worst
Not worth it #9278,poor
Mediocre performance #7392,average
Product broke immediately #6466,terrible
Product broke immediately #687,terrible
Nice look #2875,nice
Cheap materials #4826,poor
Works well #1393,good
Flimsy material #1133,bad
Meets expectations #6767,good
Needs improvement #315,poor
Mediocre performance #4078,average
Just fine #5605,average
Could be better #9550,bad
Pleased with the appearance #424,nice
Nothing special #827,average
Comfortable and nice #183,nice
Really good product #8110,good
Value for money #9677,good
Outstanding performance #2075,excellent
Didn’t work well #4853,bad
Completely useless #7157,worst
Terrible service #4155,worst
Don’t buy this #5240,terrible
Nice performance #9659,good
It’s okay #9420,average
Cheap materials #4050,poor
Design is good #5953,nice
Worst value #134,terrible
Could be better #684,bad
Comfortable and nice #62,nice
Cheap materials #4949,poor
Awful quality #1785,terrible
Design is good #4633,nice
Nice packaging #9767,nice
Poor build #2405,poor
Nothing special #9728,average
Comfortable and nice #9619,nice
Pleased with the appearance #3786,nice
Perfect purchase #8420,excellent
Excellent product #1447,excellent
Terrible service #833,worst
Pleased with the appearance #6137,nice
Terrible service #4384,worst
Product broke immediately #1718,terrible
Wasted my money #1776,worst
Meets expectations #4480,good
Highly recommend #7132,excellent
Didn’t work well #1985,bad
Works well #9853,good
Below average #2164,poor
Highly recommend #462,excellent
Really good product #2120,good
Comfortable and nice #5149,nice
Disheartening purchase #7926,poor
It’s okay #9496,average
Really good product #5765,good
Comfortable and nice #206,nice
Really good product #6583,good
Highly recommend #2181,excellent
Awful quality #7954,terrible
Product broke immediately #2278,terrible
Poor build #3493,poor
Superb quality #1143,excellent
Product broke immediately #3024,terrible
Disappointed #6270,bad
Value for money #7154,good
Worst ever #5501,worst
Didn’t work well #6928,bad
Wasted my money #9813,worst
Never buying again #8628,worst
Looks good #9236,nice
Design is good #9993,nice
Not worth it #5326,poor
Nice packaging #6102,nice
Not as expected #465,bad
Never buying again #7460,worst
Very bad quality #9191,worst
Comfortable and nice #3424,nice
Big mistake #6786,terrible
Very disappointed #3729,terrible
Superb quality #6466,excellent
Product is decent #5289,good
Nice performance #1772,good
Nice packaging #4652,nice
Happy with it #2582,good
Top-notch item #5272,excellent
Needs improvement #400,poor
Superb quality #4215,excellent
Terrible product #1307,terrible
Poor quality #5413,bad
Mediocre performance #1182,average
Poor quality #4337,bad
Works well #8017,good
Disappointed #3848,bad
Nice packaging #8554,nice
Not worth it #9706,poor
Wasted my money #8251,worst
Very disappointed #2555,terrible
Could be better #624,bad
Fantastic choice #1312,excellent
Disheartening purchase #7144,poor
Highly recommend #689,excellent
Design is good #4646,nice
It’s okay #5220,average
Moderate quality #7907,average
Good quality #2076,good
Looks good #1618,nice
Horrible experience #514,worst
Poor quality #9658,bad
Satisfactory #2905,average
Perfect purchase #9390,excellent
Wasted my money #131,worst
Disappointed #4099,bad
Meets expectations #8419,good
Excellent product #858,excellent
Terrible service #2488,worst
Meets expectations #9626,good
Perfect purchase #8402,excellent
Comfortable and nice #3616,nice
Looks good #8981,nice
Wasted my money #2849,worst
Works well #9140,good
Average experience #3976,average
Don’t buy this #182,terrible
Value for money #4676,good
Just fine #2941,average
Needs improvement #6917,poor
Overpriced for quality #8670,bad
Below average #8553,poor
Stopped working #1412,bad
Terrible service #1336,worst
Not as expected #4729,bad
Happy with it #2575,good
Needs improvement #8774,poor
Satisfactory #6490,average
Top-notch item #3514,excellent
Needs improvement #9339,poor
Poor quality #4527,bad
Design is good #5011,nice
Nice performance #3060,good
Big mistake #8112,terrible
Works well #6103,good
Didn’t work well #4735,bad
Cheap materials #8864,poor
Low durability #8012,poor
Top-notch item #3572,excellent
Flimsy material #6845,bad
Don’t buy this #5762,terrible
Perfect purchase #9537,excellent
Value for money #5778,good
Worst value #2079,terrible
Really good product #7177,good
Completely useless #6228,worst
Perfect purchase #2833,excellent
Flimsy material #6222,bad
Broke quickly #6792,poor
Good aesthetics #2181,nice
Disheartening purchase #8669,poor
Don’t buy this #9047,terrible
Didn’t work well #779,bad
Really good product #4693,good
Comfortable and nice #2328,nice
Defective item #4506,worst
Nice look #772,nice
Poor quality #3015,bad
Terrible product #6526,terrible
Value for money #1989,good
Not worth it #147,poor
Needs improvement #7214,poor
Horrible experience #3485,worst
Very disappointed #770,terrible
Average experience #7642,average
Stopped working #9536,bad
Overpriced for quality #4148,bad
Feels premium #9574,nice
Could be better #4101,bad
Not worth it #8411,poor
Feels premium #1802,nice
Product is decent #9729,good
Average experience #4949,average
Product broke immediately #941,terrible
Worst value #3422,terrible
Excellent product #9349,excellent
Nice packaging #7163,nice
Top-notch item #7401,excellent
Good quality #306,good
Very disappointed #528,terrible
Nothing special #6439,average
Completely useless #5578,worst
Wasted my money #1275,worst
Nice look #8757,nice
Good quality #6368,good
Design is good #4199,nice
Big mistake #6646,terrible
"Not bad, not great #2203",average
Low durability #2659,poor
Below average #1255,poor
Mediocre performance #3976,average
Nice performance #5730,good
Completely useless #8260,worst
Highly recommend #220,excellent
Design is good #9014,nice
Average experience #5900,average
Broke quickly #7444,poor
Cheap materials #8195,poor
Excellent product #6534,excellent
Terrible product #8384,terrible
Terrible service #1210,worst
Completely useless #1831,worst
Average experience #2731,average
Value for money #8914,good
Top-notch item #697,excellent
It’s okay #773,average
Awful quality #2717,terrible
Low durability #4479,poor
Average experience #7328,average
Extremely poor #4138,terrible
Really good product #3600,good
Nothing special #9092,average
Poor quality #3762,bad
Poor build #5949,poor
Overpriced for quality #8400,bad
Value for money #9085,good
Nothing special #8666,average
Just fine #1007,average
Meets expectations #9677,good
Comfortable and nice #4860,nice
Very disappointed #5433,terrible
"Not bad, not great #7783",average
Disappointed #3415,bad
Very bad quality #9296,worst
Don’t buy this #7067,terrible
Don’t buy this #2301,terrible
Extremely poor #7586,terrible
Nice packaging #6975,nice
Product broke immediately #6903,terrible
Very bad quality #5476,worst
Very disappointed #2610,terrible
Average experience #345,average
Outstanding performance #4614,excellent
Excellent product #8548,excellent
Average experience #4148,average
"Not bad, not great #465",average
Top-notch item #6135,excellent
Pleased with the appearance #1392,nice
Very disappointed #3950,terrible
Good aesthetics #4855,nice
Exceeds expectations #9128,excellent
Product is decent #5541,good
"Not bad, not great #4121",average
Overpriced for quality #3605,bad
Product is decent #9090,good
Worst ever #4882,worst
Highly recommend #1130,excellent
Terrible product #1321,terrible
Wasted my money #4859,worst
Could be better #544,bad
Outstanding performance #2936,excellent
Pleased with the appearance #8103,nice
Nice packaging #3719,nice
Comfortable and nice #2012,nice
Highly recommend #1090,excellent
Don’t buy this #1931,terrible
Extremely poor #7837,terrible
Low durability #2188,poor
Terrible service #6223,worst
Could be better #2381,bad
Cheap materials #2395,poor
Top-notch item #2384,excellent
Horrible experience #8681,worst
It’s okay #8025,average
Horrible experience #275,worst
Not as expected #357,bad
Wasted my money #7582,worst
Not as expected #7511,bad
Top-notch item #7618,excellent
Not worth it #4242,poor
Good quality #6118,good
Terrible service #3341,worst
Completely useless #8452,worst
Needs improvement #2188,poor
Poor quality #6702,bad
Terrible service #2756,worst
Terrible service #8430,worst
Nice performance #8882,good
Not worth it #7110,poor
Good aesthetics #8685,nice
Mediocre performance #4980,average
Defective item #7826,worst
Exceeds expectations #3114,excellent
Awful quality #7645,terrible
Top-notch item #9849,excellent
Flimsy material #2232,bad
Outstanding performance #1193,excellent
Could be better #6730,bad
Nice look #4769,nice
Worst value #8156,terrible
Average experience #4150,average
Nice packaging #4483,nice
Highly recommend #2470,excellent
Highly recommend #6786,excellent
Not worth it #93,poor
Never buying again #1437,worst
Overpriced for quality #5810,bad
Pleased with the appearance #9937,nice
Terrible service #9370,worst
Not as expected #7952,bad
Didn’t work well #6863,bad
Mediocre performance #3883,average
Terrible product #5355,terrible
Design is good #4382,nice
Exceeds expectations #2156,excellent
Good quality #3608,good
Good quality #2224,good
Could be better #4437,bad
Needs improvement #1915,poor
Defective item #9454,worst
Nice performance #7078,good
Meets expectations #6129,good
Top-notch item #2434,excellent
Highly recommend #8825,excellent
Overpriced for quality #2650,bad
Broke quickly #9583,poor
Looks good #7832,nice
Good aesthetics #7421,nice
Really good product #6068,good
Moderate quality #6717,average
Big mistake #571,terrible
Low durability #4849,poor
Satisfactory #1349,average
Below average #9408,poor
Below average #7776,poor
Not worth it #1883,poor
Horrible experience #1013,worst
Value for money #5145,good
Needs improvement #2533,poor
Really good product #3318,good
Mediocre performance #903,average
Product is decent #3159,good
"Not bad, not great #7819",average
Disheartening purchase #8854,poor
Stopped working #6212,bad
Don’t buy this #3282,terrible
Could be better #2135,bad
Moderate quality #370,average
Broke quickly #8360,poor
Horrible experience #4330,worst
Moderate quality #8446,average
Product broke immediately #838,terrible
Not worth it #7272,poor
Nice packaging #1991,nice
Extremely poor #9213,terrible
Meets expectations #1973,good
Good quality #8746,good
Works well #1046,good
Product is decent #3178,good
Worst ever #5680,worst
Design is good #384,nice
Nice packaging #8443,nice
Broke quickly #9711,poor
Pleased with the appearance #8194,nice
Excellent product #421,excellent
Extremely poor #9629,terrible
Awful quality #4129,terrible
Low durability #1507,poor
Average experience #5145,average
Outstanding performance #5393,excellent
Meets expectations #7475,good
Comfortable and nice #8399,nice
Broke quickly #1048,poor
Moderate quality #2191,average
Stopped working #2710,bad
Outstanding performance #6683,excellent
Flimsy material #333,bad
Top-notch item #5415,excellent
Very bad quality #2368,worst
Never buying again #1788,worst
Poor quality #6068,bad
Wasted my money #5999,worst
Design is good #8859,nice
Wasted my money #6696,worst
Very bad quality #2013,worst
Highly recommend #6569,excellent
Design is good #1330,nice
Horrible experience #2308,worst
Mediocre performance #4891,average
Nothing special #8113,average
Stopped working #8162,bad
Not as expected #6675,bad
Broke quickly #2619,poor
Looks good #9219,nice
Didn’t work well #6127,bad
Not as expected #4547,bad
Superb quality #8669,excellent
Disappointed #7017,bad
Perfect purchase #3947,excellent
Could be better #8207,bad
Looks good #5031,nice
Not as expected #257,bad
Comfortable and nice #759,nice
Didn’t work well #4077,bad
Broke quickly #9066,poor
Disheartening purchase #9402,poor
Good aesthetics #6367,nice
Very disappointed #3494,terrible
Moderate quality #9119,average
Nice look #5240,nice
Meets expectations #9228,good
Nice packaging #6379,nice
Happy with it #9642,good
Stopped working #5721,bad
Good aesthetics #2508,nice
Highly recommend #3345,excellent
Not worth it #3668,poor
Top-notch item #4739,excellent
Just fine #7484,average
Not worth it #4295,poor
Top-notch item #8808,excellent
Not worth it #3777,poor
Excellent product #5714,excellent
Stopped working #6436,bad
Broke quickly #2084,poor
Average experience #3396,average
Wasted my money #7063,worst
Nice packaging #6455,nice
Defective item #8516,worst
Perfect purchase #3063,excellent
Broke quickly #5656,poor
Value for money #4125,good
Awful quality #2127,terrible
Meets expectations #6949,good
Excellent product #9828,excellent
Perfect purchase #1305,excellent
Good quality #6881,good
Worst ever #6463,worst
Awful quality #1242,terrible
Disheartening purchase #5317,poor
Outstanding performance #6548,excellent
Horrible experience #9721,worst
Big mistake #302,terrible
Very bad quality #2750,worst
Terrible product #7799,terrible
Top-notch item #7439,excellent
Needs improvement #2531,poor
Completely useless #4494,worst
Excellent product #8314,excellent
Top-notch item #3020,excellent
Comfortable and nice #4394,nice
Really good product #7674,good
Mediocre performance #3999,average
Meets expectations #3203,good
Very bad quality #6924,worst
Completely useless #2600,worst
Cheap materials #875,poor
Nice look #7795,nice
Low durability #7194,poor
Excellent product #6506,excellent
Satisfactory #2430,average
Works well #7833,good
Wasted my money #1883,worst
Needs improvement #3950,poor
Outstanding performance #431,excellent
Terrible product #9487,terrible
It’s okay #9621,average
Defective item #4824,worst
Disheartening purchase #7533,poor
Cheap materials #3369,poor
Flimsy material #8490,bad
Very bad quality #3758,worst
Feels premium #840,nice
Defective item #8871,worst
Excellent product #6881,excellent
"Not bad, not great #9677",average
Poor quality #4296,bad
Needs improvement #1172,poor
Really good product #7811,good
Happy with it #9557,good
Very bad quality #2449,worst
It’s okay #4250,average
Flimsy material #8057,bad
Just fine #2163,average
"Not bad, not great #2735",average
Excellent product #2514,excellent
Good quality #3114,good
Worst ever #9657,worst
Defective item #9892,worst
Average experience #2138,average
Big mistake #4965,terrible
Feels premium #780,nice
Terrible service #3418,worst
Really good product #2406,good
Horrible experience #9287,worst
Defective item #8000,worst
Didn’t work well #5344,bad
Good quality #5879,good
Very bad quality #2123,worst
Wasted my money #9454,worst
Below average #5507,poor
Pleased with the appearance #4086,nice
Product broke immediately #4705,terrible
Design is good #5566,nice
Horrible experience #3558,worst
Awful quality #5928,terrible
Design is good #3201,nice
Pleased with the appearance #2418,nice
Exceeds expectations #5392,excellent
Very disappointed #542,terrible
Cheap materials #5880,poor
Top-notch item #6496,excellent
Low durability #9897,poor
Value for money #5941,good
Not worth it #4115,poor
Superb quality #210,excellent
Looks good #577,nice
Outstanding performance #900,excellent
Terrible service #2308,worst
Not as expected #4625,bad
Happy with it #1397,good
Don’t buy this #4286,terrible
Flimsy material #5863,bad
Happy with it #4635,good
Average experience #5856,average
Didn’t work well #2048,bad
Fantastic choice #5813,excellent
Needs improvement #3184,poor
Mediocre performance #5772,average
Just fine #2595,average
Really good product #1920,good
Value for money #6473,good
Terrible product #5102,terrible
Superb quality #5505,excellent
Product is decent #9742,good
Mediocre performance #288,average
Works well #4112,good
Top-notch item #8524,excellent
Worst value #9929,terrible
Mediocre performance #8957,average
Never buying again #3421,worst
Poor build #828,poor
Disappointed #4587,bad
Worst ever #9158,worst
Top-notch item #6895,excellent
Feels premium #6215,nice
Looks good #9036,nice
Poor quality #3551,bad
Don’t buy this #2849,terrible
Value for money #3616,good
Good aesthetics #96,nice
Poor quality #7886,bad
Extremely poor #4957,terrible
Product is decent #6133,good
Just fine #7070,average
Just fine #6341,average
Big mistake #2409,terrible
Needs improvement #1951,poor
Good quality #8498,good
It’s okay #2625,average
Works well #3419,good
Perfect purchase #8232,excellent
Value for money #134,good
Stopped working #9918,bad
Needs improvement #2810,poor
Horrible experience #689,worst
Exceeds expectations #8744,excellent
Excellent product #8785,excellent
Overpriced for quality #3694,bad
Product is decent #1484,good
Poor build #6080,poor
Nice packaging #5402,nice
Overpriced for quality #2637,bad
Disheartening purchase #875,poor
Pleased with the appearance #9826,nice
Looks good #9286,nice
Product broke immediately #5649,terrible
Nice look #743,nice
Satisfactory #3248,average
Outstanding performance #8848,excellent
Looks good #694,nice
Nice packaging #6860,nice
Very disappointed #3427,terrible
Outstanding performance #9218,excellent
Cheap materials #5153,poor
Top-notch item #8485,excellent
Don’t buy this #5679,terrible
Terrible service #1786,worst
Low durability #8963,poor
Average experience #8880,average
Never buying again #3630,worst
Cheap materials #534,poor
Below average #1718,poor
Average experience #9954,average
Stopped working #6320,bad
Defective item #9127,worst
Terrible product #9971,terrible
Defective item #1275,worst
Terrible service #3166,worst
Comfortable and nice #4358,nice
Never buying again #1079,worst
Looks good #6530,nice
Overpriced for quality #6297,bad
It’s okay #9769,average
Meets expectations #8363,good
Defective item #6170,worst
Product broke immediately #4753,terrible
Overpriced for quality #5892,bad
Terrible product #3390,terrible
Top-notch item #4637,excellent
Completely useless #7773,worst
Awful quality #2251,terrible
Nice packaging #4058,nice
Satisfactory #5823,average
Completely useless #6418,worst
Overpriced for quality #4744,bad
Don’t buy this #4451,terrible
Disappointed #8329,bad
Defective item #9643,worst
Really good product #596,good
Disappointed #1866,bad
Product broke immediately #9090,terrible
Never buying again #5991,worst
Exceeds expectations #2675,excellent
Satisfactory #7076,average
Product is decent #6181,good
Value for money #2404,good
Meets expectations #1122,good
"Not bad, not great #9245",average
Feels premium #262,nice
Highly recommend #8387,excellent
Nice performance #2650,good
Cheap materials #4202,poor
Not as expected #5014,bad
Good aesthetics #2093,nice
Disheartening purchase #2,poor
Worst value #4825,terrible
Didn’t work well #3288,bad
Nice packaging #7946,nice
Happy with it #8669,good
Product is decent #2838,good
Nice packaging #8321,nice
Completely useless #6539,worst
Perfect purchase #1454,excellent
Fantastic choice #5305,excellent
Meets expectations #526,good
Big mistake #9363,terrible
Horrible experience #4171,worst
Worst value #5983,terrible
Worst value #3117,terrible
Disappointed #2357,bad
Needs improvement #8208,poor
Never buying again #3236,worst
Mediocre performance #3589,average
Exceeds expectations #1138,excellent
Horrible experience #1900,worst
Could be better #286,bad
Superb quality #569,excellent
Needs improvement #3911,poor
Worst value #2777,terrible
Extremely poor #3213,terrible
Could be better #4058,bad
Meets expectations #6330,good
Fantastic choice #4380,excellent
Didn’t work well #7941,bad
Worst ever #54,worst
Just fine #5310,average
Works well #766,good
Mediocre performance #2349,average
Perfect purchase #3437,excellent
"Not bad, not great #411",average
Really good product #5877,good
Moderate quality #8651,average
Terrible service #584,worst
Product broke immediately #8021,terrible
Nice performance #2082,good
Stopped working #597,bad
Exceeds expectations #2365,excellent
Extremely poor #8143,terrible
Broke quickly #3573,poor
Disappointed #5675,bad
Not worth it #6902,poor
Good aesthetics #5708,nice
Wasted my money #346,worst
Worst ever #4281,worst
Just fine #5577,average
Very disappointed #7678,terrible
Completely useless #9251,worst
Good quality #5081,good
Could be better #4758,bad
"Not bad, not great #6515",average
Product broke immediately #4170,terrible
Completely useless #6484,worst
Highly recommend #4542,excellent
Perfect purchase #8482,excellent
Not worth it #826,poor
Stopped working #1858,bad
Value for money #485,good
It’s okay #1117,average
Average experience #6841,average
Perfect purchase #2933,excellent
Disheartening purchase #8682,poor
Meets expectations #90,good
Never buying again #1002,worst
Pleased with the appearance #7685,nice
Design is good #1425,nice
Nice look #8647,nice
It’s okay #8238,average
Value for money #3477,good
Moderate quality #2052,average
Satisfactory #2209,average
Comfortable and nice #9169,nice
It’s okay #2477,average
Superb quality #81,excellent
Looks good #5722,nice
Terrible service #9982,worst
Nice packaging #8469,nice
Overpriced for quality #3933,bad
Fantastic choice #9658,excellent
Stopped working #3646,bad
Cheap materials #6436,poor
Superb quality #7846,excellent
Comfortable and nice #5573,nice
Wasted my money #78,worst
Stopped working #4569,bad
Comfortable and nice #54,nice
Very disappointed #2115,terrible
Not as expected #7423,bad
Awful quality #6491,terrible
Below average #6541,poor
Nice packaging #1199,nice
Never buying again #7148,worst
Top-notch item #1460,excellent
Looks good #2101,nice
Disheartening purchase #962,poor
Don’t buy this #7993,terrible
Stopped working #178,bad
Nice look #1701,nice
Terrible service #4198,worst
Broke quickly #2596,poor
Exceeds expectations #9246,excellent
Never buying again #2425,worst
Wasted my money #4860,worst
Nothing special #4991,average
Defective item #100,worst
Extremely poor #448,terrible
Outstanding performance #99,excellent
Completely useless #2213,worst
Perfect purchase #5079,excellent
Looks good #773,nice
"Not bad, not great #2210",average
Happy with it #9959,good
Poor build #4789,poor
Good aesthetics #501,nice
Extremely poor #4752,terrible
Superb quality #4434,excellent
Not worth it #135,poor
Flimsy material #9614,bad
Nothing special #2231,average
Needs improvement #3996,poor
Not as expected #8427,bad
Flimsy material #6727,bad
Could be better #3106,bad
Didn’t work well #1792,bad
Good quality #4071,good
Pleased with the appearance #9415,nice
Feels premium #8806,nice
Satisfactory #7198,average
Product broke immediately #7271,terrible
Poor build #1493,poor
Don’t buy this #7798,terrible
Low durability #721,poor
Meets expectations #3632,good
Perfect purchase #4248,excellent
Good aesthetics #4249,nice
Stopped working #3602,bad
Cheap materials #9619,poor
Meets expectations #4918,good
Not as expected #9586,bad
Worst ever #942,worst
Good quality #894,good
Poor build #3124,poor
Fantastic choice #6622,excellent
Terrible service #8529,worst
Nice look #6841,nice
Poor build #4636,poor
Flimsy material #8014,bad
Mediocre performance #4990,average
Didn’t work well #3019,bad
Completely useless #7154,worst
Poor quality #883,bad
Moderate quality #6365,average
Mediocre performance #9167,average
Average experience #8230,average
Never buying again #8285,worst
Cheap materials #6447,poor
Could be better #4446,bad
Didn’t work well #854,bad
Poor build #8272,poor
Defective item #8234,worst
Overpriced for quality #4480,bad
Needs improvement #3005,poor
Didn’t work well #4732,bad
"Not bad, not great #3288",average
Wasted my money #5673,worst
Nice look #8389,nice
Product is decent #8403,good
Stopped working #191,bad
Product is decent #6837,good
Wasted my money #3591,worst
Could be better #6116,bad
Nice performance #8899,good
Defective item #9071,worst
Top-notch item #4907,excellent
Cheap materials #2987,poor
"Not bad, not great #5179",average
Very disappointed #9988,terrible
Value for money #5430,good
Disheartening purchase #8857,poor
Nice look #3635,nice
Horrible experience #8612,worst
Cheap materials #368,poor
Broke quickly #363,poor
Worst ever #1086,worst
Not worth it #691,poor
Disheartening purchase #5862,poor
Worst value #9691,terrible
Really good product #5437,good
"Not bad, not great #9380",average
Nothing special #4313,average
Really good product #7553,good
Don’t buy this #5543,terrible
Feels premium #1327,nice
Extremely poor #8287,terrible
Below average #3498,poor
Nice performance #383,good
Flimsy material #8768,bad
Works well #9397,good
Superb quality #8134,excellent
Good aesthetics #8063,nice
Could be better #7590,bad
Mediocre performance #7655,average
"Not bad, not great #8777",average
It’s okay #1483,average
Didn’t work well #7613,bad
Product broke immediately #5634,terrible
Terrible service #1614,worst
Nice packaging #9711,nice
Worst value #1728,terrible
Wasted my money #6923,worst
Worst ever #1752,worst
Horrible experience #4630,worst
Don’t buy this #2636,terrible
Completely useless #1969,worst
Happy with it #3345,good
Broke quickly #3936,poor
Product broke immediately #8764,terrible
Don’t buy this #6033,terrible
Happy with it #1147,good
Happy with it #7808,good
Nothing special #2237,average
Stopped working #983,bad
Happy with it #7546,good
Very disappointed #20,terrible
Defective item #9090,worst
Excellent product #9672,excellent
Low durability #5054,poor
Never buying again #157,worst
Big mistake #5617,terrible
Very disappointed #9891,terrible
Outstanding performance #1940,excellent
Nice look #8904,nice
Very disappointed #776,terrible
Below average #4521,poor
Wasted my money #6263,worst
Never buying again #4758,worst
Completely useless #2380,worst
Product is decent #8247,good
Superb quality #5219,excellent
Very bad quality #7412,worst
Could be better #6480,bad
Wasted my money #7945,worst
Outstanding performance #9065,excellent
Feels premium #6354,nice
Not worth it #4986,poor
Design is good #2078,nice
Good quality #6279,good
Wasted my money #3501,worst
Poor quality #6129,bad
Flimsy material #4379,bad
Needs improvement #1631,poor
Meets expectations #5419,good
Terrible service #4548,worst
Just fine #6275,average
Comfortable and nice #2978,nice
Extremely poor #8189,terrible
Superb quality #4350,excellent
Works well #5576,good
Not worth it #1659,poor
Fantastic choice #1991,excellent
Average experience #9246,average
Top-notch item #1252,excellent
Terrible service #4204,worst
It’s okay #120,average
Wasted my money #9748,worst
Horrible experience #7619,worst
Feels premium #8429,nice
Cheap materials #2514,poor
Defective item #5330,worst
Worst ever #7851,worst
Nice look #8273,nice
Terrible product #8718,terrible
Happy with it #7295,good
Outstanding performance #390,excellent
Needs improvement #6299,poor
Works well #7658,good
Satisfactory #6662,average
Horrible experience #4123,worst
"Not bad, not great #5310",average
Good quality #4274,good
Broke quickly #6477,poor
Comfortable and nice #9976,nice
Outstanding performance #4255,excellent
Works well #6137,good
Flimsy material #9006,bad
Poor build #6396,poor
Flimsy material #945,bad
Cheap materials #5833,poor
Low durability #4224,poor
Very disappointed #3424,terrible
Average experience #302,average
Cheap materials #2552,poor
Works well #8803,good
Nice performance #2466,good
Product broke immediately #2701,terrible
Top-notch item #8525,excellent
Stopped working #6947,bad
Good quality #6157,good
Nice performance #6743,good
Nice performance #7454,good
Moderate quality #5247,average
Could be better #7431,bad
Broke quickly #3915,poor
Fantastic choice #6364,excellent
Really good product #8341,good
Mediocre performance #7553,average
Nice packaging #1665,nice
Nice packaging #8664,nice
Satisfactory #9791,average
Very disappointed #7114,terrible
Satisfactory #9352,average
Outstanding performance #5058,excellent
Top-notch item #296,excellent
Didn’t work well #4074,bad
Could be better #8547,bad
Not worth it #592,poor
Disappointed #9227,bad
Exceeds expectations #3352,excellent
Worst value #3293,terrible
Nice packaging #1759,nice
Low durability #1392,poor
Big mistake #9358,terrible
Could be better #165,bad
Nice packaging #1633,nice
Overpriced for quality #9815,bad
Nice performance #6461,good
Nice look #2054,nice
Product is decent #1006,good
Big mistake #6776,terrible
Outstanding performance #4294,excellent
Disheartening purchase #148,poor
Looks good #9055,nice
It’s okay #4198,average
Top-notch item #4516,excellent
Needs improvement #6304,poor
Very disappointed #1943,terrible
Very disappointed #6871,terrible
Perfect purchase #4268,excellent
Never buying again #5776,worst
Never buying again #7599,worst
Broke quickly #165,poor
Defective item #9998,worst
Really good product #8817,good
Really good product #4433,good
Meets expectations #1162,good
Wasted my money #1321,worst
Low durability #178,poor
Worst ever #4714,worst
Product broke immediately #646,terrible
Horrible experience #3304,worst
Big mistake #7786,terrible
Terrible service #1683,worst
Comfortable and nice #5628,nice
Moderate quality #553,average
Terrible product #4618,terrible
Excellent product #569,excellent
Value for money #9224,good
Awful quality #5610,terrible
Superb quality #2948,excellent
Below average #413,poor
Fantastic choice #7755,excellent
Poor build #4198,poor
It’s okay #1848,average
"Not bad, not great #9448",average
Awful quality #1882,terrible
Poor build #5126,poor
Top-notch item #9737,excellent
Not worth it #519,poor
Perfect purchase #5866,excellent
Flimsy material #5308,bad
Poor build #330,poor
Perfect purchase #6583,excellent
Comfortable and nice #497,nice
Fantastic choice #9968,excellent
Meets expectations #7452,good
Never buying again #7796,worst
Perfect purchase #6301,excellent
Wasted my money #6675,worst
Disappointed #2538,bad
Completely useless #6120,worst
Nice packaging #6559,nice
Terrible service #808,worst
Product is decent #4671,good
Product broke immediately #1603,terrible
Completely useless #4903,worst
Terrible service #1123,worst
Very disappointed #1607,terrible
Horrible experience #4363,worst
Looks good #150,nice
Not worth it #4542,poor
Wasted my money #1724,worst
Product broke immediately #2810,terrible
Works well #1613,good
Moderate quality #6918,average
Never buying again #1066,worst
Poor quality #961,bad
Low durability #9858,poor
Flimsy material #7201,bad
Poor build #1022,poor
Extremely poor #4332,terrible
Very disappointed #399,terrible
Flimsy material #2478,bad
Cheap materials #5411,poor
Low durability #8253,poor
Nice performance #2942,good
Highly recommend #7332,excellent
Nice performance #8063,good
Top-notch item #9780,excellent
Low durability #9662,poor
Disappointed #3266,bad
Nice look #5386,nice
Don’t buy this #3914,terrible
Don’t buy this #8936,terrible
Nice look #6656,nice
Nice performance #8745,good
Below average #9460,poor
Very disappointed #7707,terrible
Nice look #7479,nice
Perfect purchase #7858,excellent
Mediocre performance #5367,average
Terrible product #7328,terrible
Overpriced for quality #236,bad
Big mistake #651,terrible
Very bad quality #7281,worst
Cheap materials #5394,poor
Completely useless #3998,worst
Good quality #1310,good
Below average #954,poor
Works well #3683,good
Low durability #9420,poor
Completely useless #8623,worst
Feels premium #1277,nice
Product is decent #5589,good
Broke quickly #432,poor
Don’t buy this #4178,terrible
Nice performance #7312,good
Perfect purchase #9592,excellent
Wasted my money #7786,worst
Satisfactory #8567,average
Big mistake #9701,terrible
Very bad quality #6891,worst
Flimsy material #2154,bad
Mediocre performance #6836,average
Just fine #1866,average
Highly recommend #914,excellent
Below average #3274,poor
Very disappointed #4829,terrible
Happy with it #6954,good
Could be better #6193,bad
Mediocre performance #5111,average
Satisfactory #9834,average
Worst value #2793,terrible
Extremely poor #5821,terrible
Pleased with the appearance #2197,nice
Very disappointed #8151,terrible
Satisfactory #5990,average
Very bad quality #1878,worst
Wasted my money #359,worst
Average experience #9066,average
Mediocre performance #1435,average
Design is good #6456,nice
Not as expected #3354,bad
Below average #1196,poor
Good aesthetics #4052,nice
"Not bad, not great #3468",average
Stopped working #9363,bad
Poor build #256,poor
Value for money #894,good
Terrible product #187,terrible
Awful quality #9917,terrible
Really good product #929,good
Worst value #738,terrible
Poor build #8723,poor
Wasted my money #8419,worst
Low durability #6419,poor
Wasted my money #582,worst
Comfortable and nice #3765,nice
Satisfactory #4306,average
Needs improvement #1889,poor
Outstanding performance #2633,excellent
Defective item #1146,worst
Very bad quality #6660,worst
Top-notch item #262,excellent
"Not bad, not great #9568",average
Not as expected #1193,bad
Poor build #6042,poor
Extremely poor #3781,terrible
Meets expectations #1851,good
Feels premium #4590,nice
Disheartening purchase #843,poor
Moderate quality #6179,average
Not as expected #6901,bad
Broke quickly #6198,poor
Feels premium #7858,nice
Below average #3586,poor
Worst ever #2228,worst
Nice performance #3402,good
Don’t buy this #8433,terrible
Exceeds expectations #5276,excellent
It’s okay #3998,average
Comfortable and nice #2105,nice
Feels premium #9062,nice
Below average #8479,poor
Very disappointed #9870,terrible
Defective item #9819,worst
Perfect purchase #2143,excellent
Perfect purchase #7419,excellent
Didn’t work well #2431,bad
Satisfactory #4051,average
Looks good #9038,nice
Product is decent #2589,good
"Not bad, not great #2976",average
Superb quality #6830,excellent
Design is good #7926,nice
Broke quickly #5976,poor
Terrible product #1371,terrible
Very disappointed #9473,terrible
Don’t buy this #6292,terrible
Top-notch item #7766,excellent
Happy with it #7527,good
Product broke immediately #7140,terrible
Product is decent #8289,good
Excellent product #4783,excellent
Good aesthetics #1117,nice
Moderate quality #9196,average
Could be better #3870,bad
Nice packaging #2119,nice
not good,bad
brilliant,good
